{
  "nocue_accuracy": [
    0.6699999570846558,
    0.7599999904632568,
    0.6599999666213989,
    0.6100000143051147,
    0.6200000047683716,
    0.699999988079071,
    0.6699999570846558,
    0.3100000023841858,
    0.3199999928474426,
    0.32999998331069946,
    0.3100000023841858,
    0.38999998569488525,
    0.41999998688697815,
    0.3100000023841858,
    0.3499999940395355
  ],
  "cue_accuracy": [
    0.6699999570846558,
    0.6299999952316284,
    0.6699999570846558,
    0.6200000047683716,
    0.5999999642372131,
    0.6399999856948853,
    0.3799999952316284,
    0.35999998450279236,
    0.25999999046325684,
    0.4099999964237213,
    0.29999998211860657,
    0.3400000035762787,
    0.32999998331069946,
    0.3499999940395355,
    0.44999998807907104
  ],
  "nocue_loss": [
    0.8839113116264343,
    0.8382245898246765,
    0.8898941874504089,
    0.9025235772132874,
    0.9464144706726074,
    0.8180589079856873,
    0.8594689965248108,
    1.3858861923217773,
    1.3320584297180176,
    1.3398590087890625,
    1.461098313331604,
    1.315840244293213,
    1.2898657321929932,
    1.3906680345535278,
    1.3159788846969604
  ],
  "cue_loss": [
    0.9148972034454346,
    0.9575524926185608,
    0.8572424054145813,
    0.9305608868598938,
    0.9591102600097656,
    0.9231804013252258,
    1.3014215230941772,
    1.3734451532363892,
    1.3883733749389648,
    1.2202955484390259,
    1.3931008577346802,
    1.3633224964141846,
    1.3608050346374512,
    1.321874976158142,
    1.1905384063720703
  ],
  "switch_point": 8,
  "nocue_rt": 7,
  "cue_rt": 7,
  "nocue_acc_drop": -0.009999990463256836,
  "cue_acc_drop": 0.09999999403953552
}